,degree
vandal.near,12
chloethedev.near,9
createbase.sputnikdao.near,5
murilo.near,4
damboy22.near,3
infinity.near,5
nearlove.near,5
sanket.near,3
portuguese.sputnikdao.near,1
alejandro.near,3
s4nts.near,7
sandbox.sputnikdao.near,3
nft-gaming.sputnikdao.near,1
vr-dao.sputnikdao.near,2
mostafa.near,3
arabialedger.near,2
jiten1.near,3
orvardz.near,4
starpause.near,10
nft-onboarding.sputnikdao.near,2
nftsocialclub.near,1
fabu.near,1
hispano.near,2
seedclub.near,1
rebecca.near,11
jcpacion.near,4
creatives.sputnikdao.near,2
rossgates.near,2
joep.near,2
near_india_guild.sputnikdao.near,1
sparx.near,2
drewmarpa.near,3
nearweek.near,2
gyan.near,2
cacossio.near,2
sue.near,2
uxisnear.near,1
why.near,1
norah.near,2
stanis.near,2
andrbenz.near,2
dyominegora.near,2
yunusemre.near,3
tuxcan.near,3
rindramalalasoa.near,2
portuguese.sputnik.near,1
shreyas.near,1
vietnam_covid19_charity.sputnikdao.near,1
vitalpointai.near,1
vitalpointai.sputnikdao.near,1
fritzwagner.near,2
aliens.near,4
davidmo.near,4
norahhl.near,3
samlwtn.near,2
icebear.near,2
infinitynft.near,3
art.sputnikdao.near,1
vrdoingthings.near,4
neararabia.sputnikdao.near,1
cizi31.near,3
thegrace.near,6
china_charity_dao.sputnik.near,1
curators.sputnik-dao.near,1
blaze.near,3
wiki.sputnik-dao.near,1
annabellec.near,1
tiffany.near,1
near-data-center.sputnikdao.near,1
china_charity_dao.sputnikdao.near,1
jc-rewards.near,2
create.near,1
nyc.sputnikdao.near,1
p3ter.near,2
matth.near,2
jake.near,2
mukachevo.sputnikdao.near,1
andresdavinf.near,3
bogotahacknode.sputnikdao.near,1
npk-guild-nigeria.sputnikdao.near,1
blockchainbroke.near,3
san-francisco-near-hacknode.sputnikdao.near,1
stevenrice.near,1
lisboa-hack.sputnikdao.near,2
cryptocredit.near,4
marketing-vertical.sputnikdao.near,2
cheburashka.near,1
rucommunity.sputnikdao.near,2
telegramcommunity.sputnikdao.near,1
chloe.near,11
agency.near,4
raj-dhatt.near,3
tabear.near,6
misfits.near,1
misfits.sputnikdao.near,1
lisboa-node.sputnik-dao.near,2
rosario.near,3
frnvpr.near,5
afrikaburn.near,1
afrikaburn.sputnik-dao.near,1
josedlujan.near,2
conectopia-te-academy.near,2
riley.near,1
near_asia_dev_dao.sputnikdao.near,1
sankore2.near,2
nearestchico.near,2
naes.near,2
hevertonharieno.near,3
jmm.near,3
lucterra.near,3
ncra.near,2
sidpillai91.near,1
nearsamurai.sputnikdao.near,1
microchipgnu.near,3
bianca.near,4
arrozestudios.near,1
arrozcriativo.sputnikdao.near,4
charmed.near,2
carolin.near,18
wildeverse.near,1
anjali.near,3
abridged.near,1
incubadorapt.sputnikdao.near,2
jcb.near,3
c1.sputnikdao.near,1
nxm-dao.sputnikdao.near,1
len.near,15
mxjxn.near,3
hype.sputnik-dao.near,1
muti.sputnikdao.near,2
renderedflesh.near,2
dedeukwu.near,2
zeitwarp.near,8
zenbikers.sputnikdao.near,1
cudo.sputnikdao.near,2
rebecca-rewards.near,1
unstablelandscape.near,1
motion.sputnikdao.near,1
nearch4n.sputnikdao.near,1
cleannft.near,2
yass.near,2
cura.sputnikdao.near,1
tolga.near,3
duocelot.near,2
clan.sputnikdao.near,1
graffiti.near,1
graffiti.sputnikdao.near,1
sainthiago.near,2
marmaj.sputnik-dao.near,2
djs.near,1
dj-dao.sputnikdao.near,2
mette.near,1
mariamneu.near,6
crans.near,3
onboarding-dao.sputnik-dao.near,1
creatives.sputnik-dao.near,1
stakegg.near,2
haenko.near,3
manwithcardboard.near,1
p0k.near,3
degens.near,1
zhunda.near,2
aakash.near,2
kuenshahi.near,2
anshu.near,2
turkey.sputnikdao.near,1
yns.near,3
mucu256.near,2
jeremyp.near,2
kitchenguild.near,2
cronus.near,1
starsguild.near,2
designguild.near,1
gotsome.near,2
mtvrs.near,2
mikedigitalegg.near,2
hamster.near,1
jackmcdermott.near,2
polats.near,2
messagebox.near,2
isaaczara.near,1
a0b2887b9043e8d2c0a95b6f46c8007f82c7c908167c8f33dc210a913a7c2423,1
appalabs.near,1
appalabs.sputnikdao.near,1
end3r.near,2
svntax.near,2
edzo.near,2
marior.near,2
kirill.near,2
erickd.near,2
neilharan.near,2
orztirrstudio.near,2
mic.near,2
galaxyonline.near,2
pinkmole.near,2
agar3s.near,2
within4d45.near,2
pyos.near,2
cryptocubes.near,2
airnear.near,2
vertfromage.near,2
petersalomonsen.near,2
lemonode.near,2
swagger.near,2
int64.near,1
kikimora.sputnikdao.near,1
dariasamsonova.near,2
realorrin.near,3
clarian.near,1
tamadao.sputnik-dao.near,1
jilt.near,4
iamnice.near,4
riazahmedpatel99.near,2
abdelillah77.near,2
coyotefugly.near,7
chicoi.near,1
madlenspixcell.near,3
phuongdethuong.near,1
jloc.near,2
beget.near,2
denismadris.near,2
slacker.near,3
thb0301.near,2
tvy.near,2
hieunmben100.near,2
samtoshi_f_baby.near,2
mvtrading.near,2
foliage10.near,3
rynprolol.near,3
videvidts.near,3
trendheo.near,2
acy.near,2
b1nance.near,2
yana.near,2
ozymandius.near,2
ighcrypto.near,2
yusd.near,2
muyoncrypto.near,2
petrson.near,2
wizkh.near,2
zanglee.near,2
oiks.near,2
mariya1.near,2
devochka.near,2
alan777.near,2
cudam321.near,2
vorsik.near,2
tonajacob.near,2
naveen_in.near,3
alterrush.near,3
gilbert21.near,3
gablau52.near,2
greja.near,2
jikam.near,2
hump.near,3
e1onmusk.near,2
ducviet00.near,2
fina.near,2
gloria113.near,2
jothiprasath.near,2
klouk.near,2
monish016.near,2
oiclid.near,2
betmen.near,2
bebebe.near,2
ashleynguci.near,2
smgege.near,2
nstsanan.near,2
gauxam.near,2
jovanie.near,2
happy1.near,2
mamuyante.near,2
charcerm.near,2
vtv3.near,2
tottenham.near,2
nearmir.near,2
baothi.near,2
polinka3.near,2
neyroman.near,2
bosston.near,2
duckyzz.near,2
bernardjebaraja.near,2
nearcyber.near,2
narutodebayo.near,2
nguyenhoanganhkhoa2321997.near,2
ananastya.near,2
abhimore.near,2
olisa.near,2
naik899.near,2
onipenkodima.near,2
nearworlds.near,2
michail1993.near,2
nearballerz.near,2
sachinmurali03.near,2
royal2021.near,4
tropa.near,2
nearius_hh.near,2
ynsg.near,2
ramesh.near,2
ryder90.near,2
milliarder.near,2
jeffdean.near,2
joesathya.near,2
cryptovaibhav.near,2
nearians_near.near,2
umed.near,2
nam28102002.near,2
evgenfif.near,2
ncrys13.near,2
miraq.near,2
elcdrtco.near,2
tsoict.near,2
ktdt28.near,2
ltheend.near,2
mrsoundarya.near,2
grom.near,2
scederva.near,2
enzores.near,2
layladibbe.near,2
joefrey.near,2
hdmi.near,2
sanketn81.near,2
esquosi.near,2
giri110890.near,2
olegdulub.near,2
killer4234.near,2
alinadub93.near,2
evdotik.near,2
kulin.near,2
creatoralisa.near,2
dicat.near,2
akshaymishra.near,2
madsha.near,2
wanderercrypto.near,2
bororach.near,2
jacoponuti.near,3
williamxx.near,2
anitasalomi.near,2
estherramani.near,2
antilifeequation.near,2
srinivasan_jayabalan.near,2
karthikraghu.near,2
madhan909.near,2
nearism.near,2
anegan.near,2
yehosua.near,2
marydancr.near,2
lizzzka.near,2
semenenkosteffania.near,2
vlad00s.near,2
luisaponte99.near,2
rajasamuel.near,2
narayanan.near,2
aslam.near,2
tony_nearity.near,2
roshangeek.near,2
ranjith.near,2
teo10.near,2
gurubaran.near,2
angelmejia.near,2
psalm.near,2
guiltyangel.near,2
martinsrc.near,2
near-journal.near,2
bullseye.near,2
alexak.near,2
jgmercedes.near,2
cryptocitizen11.near,2
adam7.near,2
startsguild.near,2
beyond7.near,2
ilove_near.near,2
globalgee.near,2
frat.near,2
maurogas.near,2
michalich.near,2
cryptobrogyaga.near,2
lifeincrypto.near,2
mary4.near,2
grigory8583.near,2
cattuong.near,2
cyber_dissident.near,2
gastonwagner.near,2
ksu.near,2
jygpencil.near,2
movecapital.near,1
mazi.near,2
nearnftclub.near,2
flyingrhino.near,1
primaveralina.near,2
sachamat.near,3
merchantsofnear.near,2
niaguild.near,2
rimberjack.near,4
degensdao.sputnikdao.near,1
legalguild.near,1
nearhispano.near,2
tutmt.near,2
justerror.near,2
margik.near,2
dixit.near,2
rejinderi.near,2
baxoff.near,2
lolson.near,2
rendal.near,2
degenerate.near,2
her0.near,2
malecoleg.near,2
kkdarla.near,2
veshorg211.near,2
gullffa.near,2
poddsy.near,2
kanzy99.near,2
harshit.near,2
ratatoeskr.near,2
cryptolover5.near,2
yuppiefab.near,2
simeon4real.near,2
traderbtcc28.near,2
hamb123.near,2
girlsworld007.near,2
degenarmy.near,1
cryptogarik.near,2
hh00.near,2
procent.near,2
w2k2m.near,2
balthamel.near,2
jeffgold.near,2
nearmax.near,2
devilmint.near,2
varma.near,2
trusktr.near,2
fantastic-fish.near,2
nearwillem.near,1
deepanshuhooda.near,1
jimberry.near,2
gagdiez.near,2
waugh.near,1
gov.near,1
waverlymaven.near,2
zavodil.near,3
guilds.near,2
den.near,2
vlad.near,2
sputnikdao.near,1
sherif.near,2
arto.near,2
ceramic.sputnikdao.near,1
quidli.near,2
narwallets.near,1
metapool-move.near,1
movedao.near,2
sodaki.near,2
quidli2.near,2
minioncapital.near,1
move.sputnik-dao.near,1
daorecords.near,1
createbase.near,6
delleon.near,2
nullzero.near,4
brenda_star_traveler.near,2
tygs.near,2
falmon.near,2
symbolik.near,2
kn00t.near,1
alas.sputnikdao.near,1
mykhel.near,2
bonepoliceofficial.near,4
audiato.near,3
trashlights.near,3
drops-dao.sputnikdao.near,2
connectthecoast.near,2
netuno.near,1
keepitlocal.near,2
comandoburrito.near,2
irie.near,2
nxm.sputnik-dao.near,1
cameron.near,4
lev.near,1
portwine26.near,1
jhey.near,1
eclipseeer.near,1
codame.near,3
barbara.near,1
weeblespruce.near,2
lunacacau.near,2
fofurasfelinas.near,1
gia.near,1
roganx.near,2
marigold.near,2
mmosss.near,2
dd9c86f4de9f12a7746ba16a142da1de232587a3a67316642669c0896f5dde33,2
ooakosimo.near,1
mohini.near,1
pete.near,2
sparrow.near,3
barbaratosti.near,3
shellstories.near,2
ilan_katin.near,3
aiiirmoon.near,2
hosherama.near,2
heyhazmus.near,2
soundsol.near,2
ceca20ac6338e74a0594b521f6728750da7a966d4baf66b7402db4e58f648d12,1
cielxnoel.near,2
goodman.near,2
rudywicaksono.near,3
whatshertoes.near,3
dayne.near,3
greenplanet.near,2
dbrewco.near,1
ivana.near,1
storyvortex.near,1
iotha.near,5
benhaley.near,4
stealjesse.near,1
sanindwhalecrypto.near,2
geminirising.near,4
huangning.near,2
edison.near,2
leftblack.near,2
supersigil.near,2
hvrmemoirs.near,2
abe.near,2
camilags.near,3
2bb2e34a6facad0e19a2ae816d044081a865005161828487ee507cb5f78681cc,3
nodecry.near,2
jimyart.near,2
alfadart.near,2
aj.near,1
berryclub.sputnikdao.near,1
bknight.near,2
garylaibart.near,2
30c8d2dec97f5f79872cd48cd205bd355053cadc15619ecb8c17dec9fd9ccd69,1
serste.near,3
web3bridge.near,2
marmaj.near,1
mffooo.near,4
mindcontrol.near,3
monikablockdiver.near,12
wilando.near,1
indiacovidrelief.sputnikdao.near,2
dagapa.near,1
ys24.near,2
generative-art.sputnikdao.near,1
enicole.near,1
social-tokens.sputnikdao.near,1
umthefurry.near,2
st2.near,2
ducho.near,2
fqmusic.near,3
garydelaney.near,2
ruuuuu.near,2
kei245.near,2
thinhnt19393.near,2
nate.near,3
riccardotorresi.near,1
ghostagent.near,1
willgardner.near,1
tdmoor.near,1
emussphoto.near,1
azurine.near,2
jusdao.near,1
jusdao.sputnikdao.near,1
teddymarksphotography.near,1
alexanderdettke.near,1
iwantmynft.near,1
monograma.near,2
yusufg.near,1
encryptedmagic.near,2
powersurge.near,1
israelswilson.near,1
cats.near,2
cpu.near,2
e_e.near,2
mayvanui.near,2
scifx.near,1
mulan.near,2
obeneficio.near,1
photography.near,1
lota.near,2
dantochoicoin.near,2
ter.near,2
kaino.near,2
tanishq.near,2
daorecord.near,1
gohan.near,2
fcqjfcqj.near,2
shyhaeky1.near,2
billymh.near,2
ducitachi.near,2
trungdong122.near,2
saturdayvx.near,2
darlingcl.near,2
duytuu.near,2
kop0211.near,2
allankang.near,2
tuyetnhi18092003.near,2
qsvprogram.near,2
mouzijun.near,2
huutuan2798.near,2
xmanly.near,2
tyler_par.near,2
near_codame_china.sputnikdao.near,1
canhdo.near,2
danhdanh05.near,2
newmicrophone.near,2
dangkimngan.near,2
otoke.near,2
oculardelusion.near,3
naturalwarp.near,2
mintspace.near,1
ducho3.near,2
deus.near,1
moon-rocket.near,1
felixniemeyer.near,1
kasumu.near,2
wildeversedrop.near,1
amandah.near,3
justincase.near,2
favelalx.near,2
stoyan.near,2
codame.sputnik-dao.near,1
m_d.near,1
burkabayram.near,2
mlibty.near,2
talk2ricardo.near,2
deadpolaroid.near,2
giselx.near,2
unpredictable.near,2
50mint.mintbase1.near,1
ricordata.near,2
cryptobaebes.near,2
lenara.near,1
borta.near,1
cryptopope.near,1
cosmia.near,1
theclan.near,1
futured.near,1
tb.sputnikdao.near,1
aqualift22.near,2
thephilosopher.near,2
reginanogueira.near,3
jeph.near,2
luisinfante.near,1
freedomandflow.near,2
c0d3.near,2
mailzabernard.near,2
cavenaghi.near,2
naturelove.near,2
dmitryne.near,2
wasem_simon.near,2
claudiapeter.near,2
kodandi.near,2
